meeting_id,first_name,last_name
0,M,Craig
1,J,Smith
2,J,Smith
3,S,Sharmin
4,D,Sabie
5,M,Craig
6,S,Sharmin
7,A,Zavaleta Bernuy
8,T,Fairgrieve
9,B,Syed
10,P,Gries
11,A,Zavaleta Bernuy
12,S,Ali
13,T,Fairgrieve
14,T,Fairgrieve
15,M,Badr
15,T,Fairgrieve
16,M,Badr
16,T,Fairgrieve
24,M,Badr
25,M,Badr
40,D,Horton
41,D,Horton
42,S,Sharmin
43,S,Sharmin
44,J,Calver
45,S,Sharmin
46,J,Calver
58,F,Pitt
59,F,Pitt
60,G,Baumgartner
61,G,Baumgartner
62,A,Borodin
63,F,Pitt
64,G,Penn
65,P,Gries
66,P,Gries
67,J,Calver
68,J,Calver
69,P,Gries
70,L,Shorser
71,L,Shorser
78,K,Reid
79,K,Reid
80,K,Reid
81,J,Simpson
87,D,Heap
88,G,Baumgartner
89,G,Baumgartner
90,D,Heap
91,G,Baumgartner
92,F,Ellen
93,S,Engels
94,S,Engels
95,S,Engels
96,S,Engels
97,R,Bakhteri
98,F,Pitt
99,F,Pitt
100,F,Pitt
101,F,Pitt
102,M,Craig
103,M,Craig
104,M,Craig
105,S,Sabie
108,F,Ellen
109,J,Williams
110,I,Ahmed
111,I,Ahmed
112,I,Ahmed
121,K,Truong
122,M,Rifat
123,M,Rifat
132,D,Jorjani
133,D,Jorjani
134,D,Jorjani
135,M,Hoye
136,I,Berlot-Attwell
137,M,Kazakevich
138,M,Kazakevich
139,M,Kazakevich
140,M,Kazakevich
141,M,Kazakevich
142,M,Kazakevich
143,R,Grosse
144,G,Zhang
145,R,Grosse
146,R,Gopalkrishnan
147,R,Grosse
148,D,Levin
149,A,Jacobson
150,D,Levin
151,A,Jacobson
152,I,Posner
153,I,Posner
154,F,Chevalier
155,F,Chevalier
156,F,Chevalier
157,K,Kutulakos
158,K,Kutulakos
159,K,Kutulakos
160,G,Baumgartner
161,F,Long
162,C,Christara
163,C,Christara
164,D,Horton
165,D,Horton
166,D,Horton
167,D,Horton
168,D,Heap
169,D,Heap
170,M,Kazakevich
171,D,Heap
172,D,Heap
173,M,Kazakevich
174,M,Kazakevich
175,M,Kazakevich
176,M,Mehri Dehnavi
177,M,Mehri Dehnavi
178,K,Reid
179,K,Reid
180,A,Demke Brown
181,A,Demke Brown
182,N,Shah
183,N,Shah
184,N,Wiebe
185,K,Singh
186,K,Singh
187,B,Aameri
188,O,Erdem
189,B,Aameri
190,O,Erdem
191,S,McIlraith
192,S,McIlraith
193,E,Creager
194,S,McIlraith
195,S,McIlraith
196,E,Creager
197,C,Gummaluru
198,C,Gummaluru
199,M,Badr
200,J,Williams
201,P,Marbach
202,F,Rudzicz
202,R,Saqur
202,Z,Zhu
203,F,Rudzicz
203,R,Saqur
203,Z,Zhu
204,F,Rudzicz
204,R,Saqur
204,Z,Zhu
205,E,Adum
206,S,Engels
207,A,Farzan
208,A,Farzan
209,M,Erdogdu
210,M,Erdogdu
211,M,Erdogdu
212,J,Ba
212,B,Wang
213,J,Ba
213,B,Wang
214,J,Ba
214,B,Wang
215,J,Ba
215,B,Wang
216,J,Ba
216,B,Wang
217,J,Ba
217,B,Wang
218,J,Ba
218,B,Wang
219,J,Ba
219,B,Wang
220,D,Levin
221,S,Nezhadi
222,B,Taati
223,B,Taati
224,J,Williams
225,J,Williams
226,J,Williams
227,K,Serkh
228,S,Kopparty
229,M,Grech
230,M,Grech
231,P,Marbach
232,S,Shirali-Shahreza
233,P,Marbach
234,S,Saraf
235,E,Hehner
236,A,Demke Brown
237,G,Penn
238,G,Penn
239,G,Penn
240,B,Aameri
241,B,Aameri
242,F,Long
243,F,Long
244,R,Urtasun
245,J,Nadeau
246,J,Nadeau
252,A,Pacifico
252,M,Pugh
253,C,Blois
253,J,Ransford
254,C,Blois
255,L,Ashbury-Bridgwood
289,B,Brando Albino Galvao de S
290,T,Dominguez Chiozza
291,D,Panchenko
292,A,Bar-Natan
293,E,LeBlanc
294,J,Im
295,T,Tyni
296,O,Alvarez Sanchez
297,C,Wang
298,J,Lackman
299,E,LeBlanc
300,T,Zhou
301,A,Cheraghi
302,M,Sunohara
394,H,Lee
395,C,Wang
396,S,Memariansorkhabi
409,S,Ghosh
410,C,Yang
417,T,Dominguez Chiozza
418,D,Panchenko
419,A,Jamshidpey
420,B,Brando Albino Galvao de S
421,B,Brando Albino Galvao de S
422,E,Politou
423,O,Alvarez Sanchez
424,A,Bar-Natan
425,L,Shorser
426,T,Tyni
427,J,Lackman
428,K,Chiu
509,X,Cui
510,Z,Qian
511,V,Dimitrov
512,X,Cui
513,A,Malusa
514,B,Khesin
515,C,Hamel Ascanio
516,X,Jie
517,X,Jie
556,H,Constantin
560,E,Meinrenken
569,S,Mayes-Tang
570,A,Zaman
571,R,Rotman
572,K,Ye
573,S,Homayouni-Boroojeni
574,J,Siefken
575,A,Jamshidpey
576,A,Kairzhan
577,S,Yoshinobu
578,R,Ronzon Lavie
579,G,Papas
587,P,Shlykov
588,J,Siefken
589,T,Kojar
590,S,Yoshinobu
591,P,Kosenko
592,J,Frohlich
593,M,Klambauer
599,I,Varma
600,P,Harron
601,Z,Wolske
617,S,Homayouni-Boroojeni
618,J,Im
619,S,Sorkhou
620,C,Karimian Pour
621,C,Karimian Pour
622,B,Lishak
645,M,Pedreira
646,N,Jung
647,D,Miyamoto
648,P,Honaryar
649,A,Ilin
650,N,Jung
651,T,Janisse
652,S,Balchev
674,A,Zaman
675,A,Zaman
676,T,Janisse
677,C,Jonker
686,M,Gualtieri
691,B,Landon
692,M,Klambauer
693,M,Espinosa
705,A,Stinchcombe
706,A,Kairzhan
707,C,Yang
717,S,Mayes-Tang
718,S,Homayouni-Boroojeni
726,A,Kiro
727,S,Homayouni-Boroojeni
737,J,Tsimerman
742,D,Bar-Natan
746,I,Uriarte-Tuero
751,V,Kapovitch
752,V,Kapovitch
759,S,Mayes-Tang
760,S,Mayes-Tang
761,S,Mayes-Tang
762,S,Mayes-Tang
769,D,Calderon Wilches
774,H,Kim
779,D,Johnstone
786,R,Rotman
790,P,Eskandari
793,A,Nabutovsky
796,D,Johnstone
797,D,Johnstone
798,B,Lishak
810,M,Mayrand
811,S,Dawydiak
821,S,Homayouni-Boroojeni
822,S,Homayouni-Boroojeni
825,I,Uriarte-Tuero
829,S,Todorcevic
834,S,Saraf
835,M,Mayrand
843,Z,Wolske
844,M,Durlanik
854,J,Repka
857,C,Sulem
860,E,Bierstone
863,F,Pusateri
866,A,Nabutovsky
867,A,Nabutovsky
869,E,Bierstone
872,A,Burchard
874,S,Nickerson
875,S,Nickerson
881,S,Kudla
882,A,Khovanski
885,S,Todorcevic
886,H,Kim
887,G,Elliott
888,G,Elliott
889,E,Bierstone
890,M,Goldstein
891,Y,Shlapentokh-Rothman
892,A,Burchard
893,R,Rotman
894,F,Herzig
895,K,Serkh
896,S,Kudla
897,B,Khesin
898,S,Kopparty
899,A,Khovanski
900,L,Jeffrey
901,L,Jeffrey
902,G,Elliott
903,B,Landon
904,I,Varma
905,J,Repka
906,F,Herzig
911,Y,Liokumovich
912,J,Desjardins
913,J,Repka
914,J,Repka
915,D,Bar-Natan
916,B,Khesin
917,P,Eskandari
920,V,Papyan
921,B,Landon
922,J,Repka
923,H,Kim
924,K,Khanin
925,A,Burchard
926,L,Seco
927,E,Grinspun
928,S,Caetano
929,L,Bolton
932,S,Caetano
933,S,Schwartz
936,J,Yeung
937,S,Selvaratnam
938,M,Singh
939,M,Singh
940,G,Eadie
941,M,Singh
951,S,Selvaratnam
952,S,Selvaratnam
959,J,Yeung
963,S,Selvaratnam
964,S,Selvaratnam
975,K,Huynh Wong
976,K,Huynh Wong
987,K,Huynh Wong
993,S,Selvaratnam
998,M,Khan
999,M,Khan
1006,T,Nadarajah
1007,T,Nadarajah
1018,M,Khan
1019,M,Khan
1030,K,Daignault
1031,J,Singh
1032,K,Daignault
1033,K,Daignault
1034,K,Daignault
1035,K,Daignault
1036,K,Daignault
1037,L,Bolton
1038,L,Bolton
1049,S,Caetano
1050,S,Caetano
1061,R,Alexander
1062,M,Singh
1063,M,Singh
1064,M,Singh
1065,C,Maddison
1066,C,Maddison
1075,M,Khan
1076,M,Khan
1077,M,Khan
1078,K,Knight
1079,B,Babic
1080,S,Schwartz
1081,S,Schwartz
1082,S,Schwartz
1083,D,Duvenaud
1084,M,Malyska
1085,M,Molkaraie
1086,Z,Zhou
1087,Z,Zhou
1088,P,Brown
1089,J,Murray
1095,J,Park
1096,J,Park
1097,P,Brown
1098,D,Brenner
1099,D,Brenner
1100,T,Nadarajah
1105,T,Nadarajah
1106,T,Nadarajah
1107,T,Nadarajah
1116,V,Leos Barajas
1117,L,Bolton
1118,M,Moon
1123,D,Brenner
1124,R,Alexander
1124,R,Craiu
1124,S,Jaimungal
1124,V,Leos Barajas
1124,M,Singh
1125,R,Alexander
1128,L,Bolton
1128,S,Caetano
1128,M,Khan
1128,B,White
